{"cameraMode":{"drawMode":0,"name":"Shaded","section":"Shading Mode"},"sceneLighting":false,"audioPlay":false,"sceneViewState":{"showFog":true,"showMaterialUpdate":false,"showSkybox":true,"showFlares":true,"showImageEffects":true,"showParticleSystems":true},"in2DMode":false,"pivot":{"x":-0.975263774394989,"y":0.4817408323287964,"z":0.015157610177993775},"rotation":{"x":-0.20792697370052339,"y":-0.17697401344776154,"z":0.03828352689743042,"w":-0.9612392783164978},"size":3.1020262241363527,"orthographic":false}