{"cameraMode":{"drawMode":0,"name":"Shaded","section":"Shading Mode"},"sceneLighting":false,"audioPlay":false,"sceneViewState":{"showFog":true,"showMaterialUpdate":false,"showSkybox":true,"showFlares":true,"showImageEffects":true,"showParticleSystems":true},"in2DMode":false,"pivot":{"x":4.76837158203125e-7,"y":1.3315656185150147,"z":0.0656152069568634},"rotation":{"x":-0.32139748334884646,"y":-0.6782345175743103,"z":-0.48058852553367617,"w":0.4535816013813019},"size":7.036627769470215,"orthographic":false}